{
  "system": {"L": 2, "N": 12, "irrep": 3, "E_0": -3.6760938476},
  "structure_factor": [
    {"m1": 0, "m2": 0, "qx": 0.0000, "qy": 0.0000, "S_re": -0.000000, "S_im": 0.000000},
    {"m1": 0, "m2": 1, "qx": 0.0000, "qy": 3.6276, "S_re": 0.591545, "S_im": -0.000000},
    {"m1": 1, "m2": 0, "qx": 3.1416, "qy": -1.8138, "S_re": 0.591545, "S_im": 0.000000},
    {"m1": 1, "m2": 1, "qx": 3.1416, "qy": 1.8138, "S_re": 0.591545, "S_im": -0.000000}
  ],
  "renyi_spectrum_nA_6": {
    "S_1_vN": 2.968750,
    "S_2":    2.547581,
    "S_3":    2.368429,
    "S_4":    2.274490,
    "S_inf":  1.949129
  }
}
