{
  "system": {"L": 2, "N": 12, "irrep": 1, "E_0": -4.9624348504},
  "structure_factor": [
    {"m1": 0, "m2": 0, "qx": 0.0000, "qy": 0.0000, "S_re": -0.000000, "S_im": 0.000000},
    {"m1": 0, "m2": 1, "qx": 0.0000, "qy": 3.6276, "S_re": 0.448618, "S_im": 0.000000},
    {"m1": 1, "m2": 0, "qx": 3.1416, "qy": -1.8138, "S_re": 0.448618, "S_im": 0.000000},
    {"m1": 1, "m2": 1, "qx": 3.1416, "qy": 1.8138, "S_re": 0.448618, "S_im": 0.000000}
  ],
  "renyi_spectrum_nA_6": {
    "S_1_vN": 2.547232,
    "S_2":    1.978328,
    "S_3":    1.672244,
    "S_4":    1.509629,
    "S_inf":  1.135257
  }
}
