{
  "system": {"L": 3, "N": 27, "K": 6},
  "sectors_loaded": [true, true, true, true, true, true],
  "sector_labels": ["A_1", "A_2", "B_1", "B_2", "E_1", "E_2"],
  "sector_dims":   [1, 1, 1, 1, 2, 2],
  "E_0": [-11.6098548093, -11.5575586914, -11.5575586914, -11.4338926662, -11.5930302770, -11.7795049855],
  "group_elements": [
    {
      "op": 0, "class": "E",
      "empirical_matrix": [
        [1.000000e+00, -3.075882e-16, 1.898438e-16, 1.332484e-16, -7.424616e-16, 5.290907e-16],
        [-3.075882e-16, 1.000000e+00, 3.281880e-16, 4.971067e-17, -2.198762e-16, -1.481454e-15],
        [1.898438e-16, 3.281880e-16, 1.000000e+00, -1.288845e-17, -9.298118e-16, 8.510987e-17],
        [1.332484e-16, 4.971067e-17, -1.288845e-17, 1.000000e+00, -8.608565e-17, -8.660065e-18],
        [-7.424616e-16, -2.198762e-16, -9.298118e-16, -8.608565e-17, 1.000000e+00, -1.510077e-15],
        [5.290907e-16, -1.481454e-15, 8.510987e-17, -8.660065e-18, -1.510077e-15, 1.000000e+00]
      ]
    },
    {
      "op": 1, "class": "C_6",
      "empirical_matrix": [
        [1.000000e+00, -3.096752e-16, -1.885428e-16, -1.326521e-16, 3.642919e-17, -4.787837e-16],
        [-3.078321e-16, 1.000000e+00, -3.306275e-16, -5.006304e-17, -3.295975e-16, -9.419548e-16],
        [1.886512e-16, 3.331482e-16, -1.000000e+00, 1.350509e-17, -1.096345e-15, -2.549230e-17],
        [1.307006e-16, 4.653938e-17, 1.237346e-17, -1.000000e+00, 1.483189e-16, 8.605855e-18],
        [-7.320533e-16, -2.190088e-16, 9.194034e-16, 8.651933e-17, 5.000000e-01, 1.819725e-15],
        [5.273559e-16, -1.471046e-15, -7.914676e-17, 8.267042e-18, 8.829742e-16, -5.000000e-01]
      ]
    },
    {
      "op": 2, "class": "C_3",
      "empirical_matrix": [
        [1.000000e+00, -3.108137e-16, 1.935301e-16, 1.320558e-16, -5.030698e-16, -3.417405e-16],
        [-3.108679e-16, 1.000000e+00, 3.291096e-16, 4.751516e-17, -1.929880e-16, -5.204170e-17],
        [1.903859e-16, 3.284048e-16, 1.000000e+00, -1.366772e-17, -1.283695e-16, 6.516055e-17],
        [1.317306e-16, 4.729832e-17, -1.253609e-17, 1.000000e+00, -2.488244e-17, 4.065758e-18],
        [-7.424616e-16, -2.198762e-16, -9.298118e-16, -8.565197e-17, -5.000000e-01, 6.591949e-16],
        [5.290907e-16, -1.481454e-15, 7.968886e-17, -9.093746e-18, 1.252470e-15, -5.000000e-01]
      ]
    },
    {
      "op": 3, "class": "C_2",
      "empirical_matrix": [
        [1.000000e+00, -3.110305e-16, -1.890849e-16, -1.337905e-16, 7.355228e-16, 5.345117e-16],
        [-3.113558e-16, 1.000000e+00, -3.319556e-16, -4.911436e-17, 2.064321e-16, -1.474515e-15],
        [1.882175e-16, 3.289740e-16, -1.000000e+00, 1.316289e-17, 9.089951e-16, 9.226560e-17],
        [1.318390e-16, 4.672911e-17, 1.266484e-17, -1.000000e+00, 8.586881e-17, -8.260265e-18],
        [-7.389922e-16, -2.272488e-16, 9.228729e-16, 8.565197e-17, -1.000000e+00, -1.474515e-15],
        [5.386316e-16, -1.474515e-15, -8.077306e-17, 9.168285e-18, 1.509209e-15, 1.000000e+00]
      ]
    },
    {
      "op": 4, "class": "C_3",
      "empirical_matrix": [
        [1.000000e+00, -3.098650e-16, 1.919038e-16, 1.329232e-16, -1.929880e-17, -4.718448e-16],
        [-3.130363e-16, 1.000000e+00, 3.317388e-16, 4.851805e-17, 3.287301e-16, -9.384854e-16],
        [1.916869e-16, 3.317388e-16, 1.000000e+00, -1.320016e-17, 1.110223e-15, -2.640032e-17],
        [1.326521e-16, 4.770490e-17, -1.149593e-17, 1.000000e+00, -1.475599e-16, 8.429672e-18],
        [-7.494005e-16, -2.190088e-16, -9.228729e-16, -8.500145e-17, -5.000000e-01, 1.824929e-15],
        [5.334275e-16, -1.467576e-15, 7.925518e-17, -9.222495e-18, -8.690965e-16, -5.000000e-01]
      ]
    },
    {
      "op": 5, "class": "C_6",
      "empirical_matrix": [
        [1.000000e+00, -3.085639e-16, -1.877838e-16, -1.345495e-16, 5.013351e-16, -3.452100e-16],
        [-3.113829e-16, 1.000000e+00, -3.319285e-16, -4.973777e-17, 2.059984e-16, -6.245005e-17],
        [1.890849e-16, 3.314135e-16, -1.000000e+00, 1.360674e-17, 1.353084e-16, 6.396793e-17],
        [1.309716e-16, 4.884331e-17, 1.304770e-17, -1.000000e+00, 2.542454e-17, 4.235165e-18],
        [-7.424616e-16, -2.159731e-16, 9.332812e-16, 8.413409e-17, 5.000000e-01, 6.730727e-16],
        [5.316927e-16, -1.467576e-15, -8.196568e-17, 8.924339e-18, -1.262879e-15, -5.000000e-01]
      ]
    },
    {
      "op": 6, "class": "sigma_v",
      "empirical_matrix": [
        [1.000000e+00, 2.979388e-16, 1.884343e-16, -1.336821e-16, -6.383782e-16, 4.852618e-16],
        [-3.209238e-16, -1.000000e+00, 3.288927e-16, -5.334275e-17, 3.714477e-16, 6.973588e-16],
        [1.877838e-16, -3.300311e-16, 1.000000e+00, 7.674119e-18, 5.902397e-16, -2.873136e-17],
        [1.330858e-16, -4.683753e-17, -1.170600e-17, -1.000000e+00, 7.806256e-17, 1.218372e-17],
        [-7.494005e-16, 2.255141e-16, -9.471590e-16, 8.456777e-17, -9.826298e-01, 2.974183e-15],
        [5.337527e-16, 1.484923e-15, 8.326673e-17, 8.124740e-18, -2.018351e-15, -9.978809e-01]
      ]
    },
    {
      "op": 7, "class": "sigma_d",
      "empirical_matrix": [
        [1.000000e+00, 2.988332e-16, -1.834470e-16, 1.329774e-16, 4.336809e-18, 8.326673e-17],
        [-3.235259e-16, -1.000000e+00, -3.305190e-16, 5.288196e-17, 2.307182e-16, 1.080733e-15],
        [1.908196e-16, -3.299227e-16, -1.000000e+00, -8.660065e-18, 1.533496e-15, 2.423192e-17],
        [1.343326e-16, -4.794884e-17, 1.189234e-17, 1.000000e+00, -8.749512e-17, -1.933946e-17],
        [-7.598089e-16, 2.203099e-16, 9.506285e-16, -8.478461e-17, -6.520290e-01, -4.683753e-17],
        [5.398243e-16, 1.491862e-15, -8.131516e-17, -7.392904e-18, 2.758210e-16, 5.552895e-01]
      ]
    },
    {
      "op": 8, "class": "sigma_v",
      "empirical_matrix": [
        [1.000000e+00, 2.996193e-16, 1.865912e-16, -1.347121e-16, 8.760354e-16, -1.908196e-17],
        [-3.208154e-16, -1.000000e+00, 3.283777e-16, -5.396616e-17, 7.546047e-17, 7.892992e-16],
        [1.891933e-16, -3.298685e-16, 1.000000e+00, 8.385626e-18, 5.759282e-16, -1.913617e-16],
        [1.327063e-16, -4.372045e-17, -1.156708e-17, -1.000000e+00, 1.394284e-16, 2.799274e-17],
        [-7.528700e-16, 2.142383e-16, -9.298118e-16, 8.608565e-17, 3.306008e-01, 6.453171e-16],
        [5.405832e-16, 1.481454e-15, 7.784572e-17, 9.093746e-18, -3.122502e-16, 4.425914e-01]
      ]
    },
    {
      "op": 9, "class": "sigma_d",
      "empirical_matrix": [
        [1.000000e+00, 2.997006e-16, -1.888680e-16, 1.350374e-16, 6.383782e-16, 4.862647e-16],
        [-3.247186e-16, -1.000000e+00, -3.310611e-16, 5.293617e-17, -3.770855e-16, 6.869505e-16],
        [1.865912e-16, -3.277001e-16, -1.000000e+00, -8.782038e-18, -5.902397e-16, -1.940722e-17],
        [1.334111e-16, -4.548228e-17, 1.071666e-17, 1.000000e+00, -7.827940e-17, 1.166873e-17],
        [-7.528700e-16, 2.125036e-16, 9.506285e-16, -8.456777e-17, 9.826298e-01, 3.021021e-15],
        [5.352706e-16, 1.488393e-15, -8.109832e-17, -8.680394e-18, 2.009677e-15, -9.978809e-01]
      ]
    },
    {
      "op": 10, "class": "sigma_v",
      "empirical_matrix": [
        [1.000000e+00, 3.003782e-16, 1.899522e-16, -1.342242e-16, -1.301043e-17, 8.153200e-17],
        [-3.200023e-16, -1.000000e+00, 3.301396e-16, -5.391195e-17, -2.324529e-16, 1.075529e-15],
        [1.898438e-16, -3.274020e-16, 1.000000e+00, 8.731216e-18, -1.519618e-15, 2.476047e-17],
        [1.323269e-16, -4.634964e-17, -1.169922e-17, -1.000000e+00, 8.565197e-17, -1.909551e-17],
        [-7.598089e-16, 2.181415e-16, -9.402201e-16, 8.304989e-17, 6.520290e-01, -4.336809e-17],
        [5.388485e-16, 1.477984e-15, 8.315831e-17, 8.727827e-18, -2.671474e-16, 5.552895e-01]
      ]
    },
    {
      "op": 11, "class": "sigma_d",