{
  "name": "kagome_master_synthesis",
  "kind": "research_master_synthesis",
  "utc_epoch": 1777611685,
  "lattice": "kagome PBC",
  "hamiltonian": "isotropic Heisenberg AFM, J=1",
  "cluster_sizes_run": [
    2,
    3
  ],
  "sectors_run": {
    "2": {
      "A_1": {
        "E_0": -5.328392404512,
        "iters": 20,
        "wall_s": 0.0,
        "NN_avg": -0.2220163502,
        "sum_rule_residual": 4.53e-14,
        "S_total": 0.0,
        "gamma_TEE_log2": 1.2463,
        "entanglement_gap": 1.028032,
        "lowest_minus_log_lambda": 1.097968,
        "S_q_max_over_N": 0.03399633333333333,
        "renyi_S_2": 1.811996,
        "renyi_S_inf": 1.097968
      },
      "A_2": {
        "E_0": -4.962434850357,
        "iters": 16,
        "wall_s": 0.0,
        "NN_avg": -0.2067681188,
        "sum_rule_residual": 1.421e-14,
        "S_total": 0.0,
        "gamma_TEE_log2": 1.6458,
        "entanglement_gap": 1.379982,
        "lowest_minus_log_lambda": 1.135257,
        "S_q_max_over_N": 0.03738483333333333,
        "renyi_S_2": 1.978328,
        "renyi_S_inf": 1.135257
      },
      "B_1": {
        "E_0": -5.444875216971,
        "iters": 13,
        "wall_s": 0.0,
        "NN_avg": -0.2268698007,
        "sum_rule_residual": 1.172e-13,
        "S_total": 0.0,
        "gamma_TEE_log2": 1.3306,
        "entanglement_gap": 1.209998,
        "lowest_minus_log_lambda": 1.114841,
        "S_q_max_over_N": 0.032917833333333334,
        "renyi_S_2": 1.87589,
        "renyi_S_inf": 1.114841
      },
      "B_2": {
        "E_0": -3.676093847594,
        "iters": 18,
        "wall_s": 0.0,
        "NN_avg": -0.153170577,
        "sum_rule_residual": 2.22e-14,
        "S_total": 0.0,
        "gamma_TEE_log2": 2.2605,
        "entanglement_gap": 0.705983,
        "lowest_minus_log_lambda": 1.949129,
        "S_q_max_over_N": 0.04929541666666667,
        "renyi_S_2": 2.547581,
        "renyi_S_inf": 1.949129
      }
    },
    "3": {
      "A_1": {
        "E_0": -11.609854809335,
        "iters": 91,
        "wall_s": 5404.0,
        "NN_avg": -0.2149973113,
        "sum_rule_residual": 2.81e-10,
        "S_total": 0.5,
        "gamma_TEE_log2": 1.1821,
        "entanglement_gap": 0.440183,
        "lowest_minus_log_lambda": 1.923358,
        "S_q_max_over_N": 0.023623962962962965,
        "renyi_S_2": 2.744158,
        "renyi_S_inf": 1.923358
      },
      "A_2": {
        "E_0": -11.557558691359,
        "iters": 85,
        "wall_s": 5052.0,
        "NN_avg": -0.2140288647,
        "sum_rule_residual": 2.026e-10,
        "S_total": 0.5,
        "gamma_TEE_log2": 1.2071,
        "entanglement_gap": 0.593184,
        "lowest_minus_log_lambda": 1.947612,
        "S_q_max_over_N": 0.02376377777777778,
        "renyi_S_2": 2.782032,
        "renyi_S_inf": 1.947612
      },
      "B_1": {
        "E_0": -11.557558691363,
        "iters": 83,
        "wall_s": 5007.2,
        "NN_avg": -0.2140288647,
        "sum_rule_residual": 2.744e-10,
        "S_total": 0.5,
        "gamma_TEE_log2": 1.2071,
        "entanglement_gap": 0.593185,
        "lowest_minus_log_lambda": 1.947613,
        "S_q_max_over_N": 0.023272925925925923,
        "renyi_S_2": 2.782032,
        "renyi_S_inf": 1.947613
      },
      "B_2": {
        "E_0": -11.433892666203,
        "iters": 106,
        "wall_s": 6535.7,
        "NN_avg": -0.2117387531,
        "sum_rule_residual": 1.018e-10,
        "S_total": 1.5,
        "gamma_TEE_log2": 1.1876,
        "entanglement_gap": 0.279889,
        "lowest_minus_log_lambda": 2.016925
      }
    }
  },
  "gamma_TEE_finite_size_flow": {
    "A_1": {
      "per_N": [
        {
          "L": 2,
          "N": 12,
          "E_0": -5.328392404512,
          "gamma_TEE_log2": 1.2463
        },
        {
          "L": 3,
          "N": 27,
          "E_0": -11.609854809335,
          "gamma_TEE_log2": 1.1821
        }
      ],
      "gamma_TEE_log2_inf_extrapolation": 1.1307400000000003,
      "gamma_TEE_log2_slope_in_1_over_N": 1.3867199999999928,
      "gamma_TEE_log2_R2": 1.0
    },
    "A_2": {
      "per_N": [
        {
          "L": 2,
          "N": 12,
          "E_0": -4.962434850357,
          "gamma_TEE_log2": 1.6458
        },
        {
          "L": 3,
          "N": 27,
          "E_0": -11.557558691359,
          "gamma_TEE_log2": 1.2071
        }
      ],
      "gamma_TEE_log2_inf_extrapolation": 0.856139999999999,
      "gamma_TEE_log2_slope_in_1_over_N": 9.475920000000016,
      "gamma_TEE_log2_R2": 1.0
    },
    "B_1": {
      "per_N": [
        {
          "L": 2,
          "N": 12,
          "E_0": -5.444875216971,
          "gamma_TEE_log2": 1.3306
        },
        {
          "L": 3,
          "N": 27,
          "E_0": -11.557558691363,
          "gamma_TEE_log2": 1.2071
        }
      ],
      "gamma_TEE_log2_inf_extrapolation": 1.108299999999999,
      "gamma_TEE_log2_slope_in_1_over_N": 2.6676000000000175,
      "gamma_TEE_log2_R2": 1.0
    },
    "B_2": {
      "per_N": [
        {
          "L": 2,
          "N": 12,
          "E_0": -3.676093847594,
          "gamma_TEE_log2": 2.2605
        },
        {
          "L": 3,
          "N": 27,
          "E_0": -11.433892666203,
          "gamma_TEE_log2": 1.1876
        }
      ],
      "gamma_TEE_log2_inf_extrapolation": 0.3292800000000029,
      "gamma_TEE_log2_slope_in_1_over_N": 23.174639999999954,
      "gamma_TEE_log2_R2": 1.0
    }
  },
  "cross_sector_gap_finite_size_flow": {
    "2": {
      "E_0": -5.444875216971,
      "E_1": -5.328392404512,
      "gap_J": 0.11648281245900005
    },
    "3": {
      "E_0": -11.609854809335,
      "E_1": -11.557558691363,
      "gap_J": 0.05229611797199851
    },
    "_extrapolation_1_over_N": {
      "gap_inf_J": 0.000946762382397312,
      "slope_per_inv_N": 1.3864326009192327,
      "R2": 1.0,
      "comment": "Z₂ scenario: gap_inf > 0 (gapped). U(1) Dirac: gap_inf = 0."
    }
  },
  "full_C6v_sector_spectrum": {
    "2": {
      "sectors": [
        {
          "irrep": "B_1",
          "Sz_2x_projected": null,
          "E_0": -5.444875216971,
          "S_total": 0.0,
          "sublabel": "1D irrep, unprojected Sz"
        },
        {
          "irrep": "A_1",
          "Sz_2x_projected": null,
          "E_0": -5.328392404512,
          "S_total": 0.0,
          "sublabel": "1D irrep, unprojected Sz"
        },
        {
          "irrep": "A_2",
          "Sz_2x_projected": null,
          "E_0": -4.962434850357,
          "S_total": 0.0,
          "sublabel": "1D irrep, unprojected Sz"
        },
        {
          "irrep": "B_2",
          "Sz_2x_projected": null,
          "E_0": -3.676093847594,
          "S_total": 0.0,
          "sublabel": "1D irrep, unprojected Sz"
        }
      ],
      "global_GS_irrep": "B_1",
      "global_GS_E0": -5.444875216971,
      "global_GS_S_total": 0.0,
      "energy_spread_lowest_S_half_J": 0
    },
    "3": {
      "sectors": [
        {
          "irrep": "E_2",
          "Sz_2x_projected": 1,
          "E_0": -11.779504985507,
          "S_total": 0.5000000002,
          "sublabel": "2D irrep / Sz-projected"
        },
        {
          "irrep": "A_1",
          "Sz_2x_projected": null,
          "E_0": -11.609854809335,
          "S_total": 0.5,
          "sublabel": "1D irrep, unprojected Sz"
        },
        {
          "irrep": "E_1",
          "Sz_2x_projected": 1,
          "E_0": -11.593030277036,
          "S_total": 0.5000000006,
          "sublabel": "2D irrep / Sz-projected"
        },
        {
          "irrep": "B_1",
          "Sz_2x_projected": null,
          "E_0": -11.557558691363,
          "S_total": 0.5,
          "sublabel": "1D irrep, unprojected Sz"
        },
        {
          "irrep": "A_2",
          "Sz_2x_projected": null,
          "E_0": -11.557558691359,
          "S_total": 0.5,
          "sublabel": "1D irrep, unprojected Sz"
        },
        {
          "irrep": "B_2",
          "Sz_2x_projected": 1,